Cost,Min Cost,Moves,Temperature,Time,Accepted,Sequence
31,31,0,270.0,599935,0,"[0, 1, 2, 3, 6, 5, 4, 7, 8, 9]"

26,16,100000,270.0,599569,39087,"[1, 3, 9, 0, 8, 6, 2, 5, 7, 4]"

35,16,200000,269.73,599325,38950,"[9, 5, 4, 8, 0, 7, 6, 1, 2, 3]"

27,16,300000,269.46027000000004,599141,39030,"[4, 7, 2, 3, 0, 6, 8, 5, 1, 9]"

38,16,400000,269.19080973,598952,38935,"[0, 8, 3, 9, 2, 6, 4, 1, 5, 7]"

28,16,500000,268.92161892027,598776,39069,"[2, 5, 1, 0, 4, 6, 7, 9, 3, 8]"

35,16,600000,268.65269730134975,598609,38973,"[4, 6, 3, 8, 5, 0, 1, 7, 2, 9]"

33,16,700000,268.38404460404837,598441,38840,"[8, 2, 4, 5, 6, 1, 0, 3, 7, 9]"

31,16,800000,268.11566055944434,598275,38895,"[6, 2, 7, 8, 0, 3, 1, 4, 5, 9]"

34,16,900000,267.8475448988849,598110,38904,"[1, 8, 9, 7, 5, 3, 6, 0, 2, 4]"

31,16,1000000,267.57969735398603,597946,38886,"[0, 2, 1, 7, 5, 8, 3, 4, 9, 6]"

31,16,1100000,267.31211765663204,597785,39022,"[8, 6, 1, 3, 9, 5, 7, 4, 0, 2]"

28,16,1200000,267.0448055389754,597624,38958,"[3, 8, 0, 4, 6, 9, 1, 5, 2, 7]"

36,16,1300000,266.7777607334364,597451,38926,"[4, 5, 3, 9, 8, 0, 6, 1, 2, 7]"

35,16,1400000,266.510982972703,597291,39238,"[1, 7, 5, 0, 8, 4, 6, 9, 2, 3]"

32,16,1500000,266.2444719897303,597115,38895,"[6, 9, 2, 1, 0, 4, 3, 5, 8, 7]"

31,16,1600000,265.97822751774055,596952,38913,"[1, 2, 8, 9, 4, 5, 3, 0, 7, 6]"

30,16,1700000,265.7122492902228,596789,38980,"[2, 4, 6, 1, 9, 5, 3, 0, 8, 7]"

34,16,1800000,265.4465370409326,596629,39010,"[8, 7, 1, 0, 5, 3, 2, 9, 6, 4]"

40,16,1900000,265.18109050389165,596470,39006,"[4, 7, 1, 5, 3, 8, 2, 9, 6, 0]"

28,16,2000000,264.91590941338774,596312,38901,"[5, 3, 6, 0, 8, 1, 2, 9, 7, 4]"

30,16,2100000,264.65099350397435,596155,38949,"[0, 2, 1, 6, 3, 7, 9, 4, 5, 8]"

36,16,2200000,264.3863425104704,595998,39102,"[5, 4, 6, 0, 9, 2, 3, 8, 1, 7]"

33,16,2300000,264.1219561679599,595817,38776,"[5, 1, 9, 3, 2, 4, 8, 0, 7, 6]"

30,16,2400000,263.85783421179195,595658,38954,"[6, 9, 0, 8, 2, 5, 4, 1, 3, 7]"

32,16,2500000,263.59397637758013,595500,38905,"[3, 6, 8, 4, 5, 1, 2, 9, 7, 0]"

31,16,2600000,263.33038240120254,595341,39145,"[0, 5, 6, 9, 8, 7, 4, 3, 1, 2]"

31,16,2700000,263.06705201880135,595189,39068,"[4, 7, 2, 9, 0, 6, 8, 1, 3, 5]"

33,16,2800000,262.80398496678254,595031,39054,"[4, 9, 1, 8, 5, 7, 2, 0, 6, 3]"

33,16,2900000,262.5411809818157,594875,39002,"[1, 8, 9, 6, 3, 7, 2, 4, 0, 5]"

33,16,3000000,262.2786398008339,594717,39065,"[6, 2, 4, 8, 9, 7, 1, 0, 3, 5]"

29,16,3100000,262.01636116103305,594563,39024,"[5, 1, 6, 2, 0, 8, 9, 7, 4, 3]"

26,16,3200000,261.754344799872,594404,38953,"[5, 3, 0, 8, 2, 1, 7, 6, 9, 4]"

30,16,3300000,261.4925904550721,594247,38990,"[7, 8, 4, 3, 6, 5, 2, 1, 9, 0]"

29,16,3400000,261.231097864617,594091,39084,"[2, 7, 9, 4, 3, 0, 6, 1, 8, 5]"

34,16,3500000,260.96986676675243,593934,38876,"[9, 8, 7, 0, 6, 3, 2, 5, 1, 4]"

37,16,3600000,260.7088968999857,593776,38903,"[0, 1, 6, 7, 5, 9, 2, 8, 4, 3]"

31,16,3700000,260.4481880030857,593621,39165,"[9, 0, 2, 8, 4, 5, 7, 3, 1, 6]"

32,16,3800000,260.18773981508264,593465,39004,"[5, 3, 9, 2, 6, 1, 4, 7, 0, 8]"

33,16,3900000,259.92755207526756,593304,39026,"[2, 5, 3, 1, 0, 6, 8, 7, 4, 9]"

35,16,4000000,259.6676245231923,593144,38969,"[3, 1, 7, 4, 9, 2, 8, 6, 0, 5]"

33,16,4100000,259.40795689866906,592990,39147,"[1, 8, 7, 4, 5, 9, 0, 3, 6, 2]"

26,16,4200000,259.1485489417704,592830,38902,"[1, 3, 9, 8, 2, 0, 6, 5, 7, 4]"

34,16,4300000,258.88940039282863,592676,38887,"[1, 2, 6, 0, 9, 5, 4, 3, 7, 8]"

33,16,4400000,258.6305109924358,592518,38945,"[7, 6, 3, 8, 9, 1, 4, 5, 0, 2]"

31,16,4500000,258.3718804814434,592361,38945,"[8, 0, 2, 3, 9, 4, 5, 6, 7, 1]"

32,16,4600000,258.11350860096195,592198,39055,"[8, 4, 1, 9, 0, 6, 5, 3, 2, 7]"

30,16,4700000,257.855395092361,592043,39012,"[5, 1, 9, 8, 0, 6, 2, 3, 7, 4]"

37,16,4800000,257.59753969726864,591886,38995,"[9, 2, 0, 5, 7, 1, 4, 3, 8, 6]"

33,16,4900000,257.3399421575714,591713,38918,"[1, 7, 4, 5, 0, 8, 3, 2, 6, 9]"

36,16,5000000,257.08260221541383,591527,39081,"[5, 1, 4, 9, 3, 6, 8, 7, 2, 0]"

20,16,5100000,256.8255196131984,591355,39000,"[9, 3, 7, 4, 8, 6, 2, 5, 1, 0]"

35,16,5200000,256.56869409358524,591158,38893,"[6, 7, 0, 2, 9, 1, 5, 4, 8, 3]"

37,16,5300000,256.31212539949166,590985,38858,"[8, 7, 3, 9, 5, 4, 6, 0, 1, 2]"

34,16,5400000,256.05581327409215,590812,38833,"[5, 9, 6, 4, 3, 2, 7, 0, 1, 8]"

35,16,5500000,255.79975746081806,590647,38989,"[3, 7, 5, 9, 4, 1, 2, 8, 0, 6]"

27,16,5600000,255.54395770335725,590483,39062,"[2, 5, 7, 8, 0, 9, 3, 1, 4, 6]"

29,16,5700000,255.28841374565388,590318,38874,"[5, 8, 6, 7, 2, 4, 0, 3, 9, 1]"

37,16,5800000,255.03312533190822,590155,38980,"[1, 2, 5, 4, 8, 6, 3, 7, 0, 9]"

35,16,5900000,254.7780922065763,589988,39109,"[0, 5, 3, 2, 8, 7, 1, 4, 6, 9]"

35,16,6000000,254.52331411436973,589821,38871,"[2, 0, 6, 4, 7, 3, 1, 5, 8, 9]"

32,16,6100000,254.26879080025535,589654,38870,"[2, 3, 9, 7, 5, 8, 1, 6, 4, 0]"

30,16,6200000,254.01452200945508,589490,38856,"[8, 5, 9, 3, 1, 0, 4, 6, 2, 7]"

25,16,6300000,253.76050748744564,589329,38985,"[8, 0, 3, 9, 2, 1, 5, 7, 4, 6]"

27,16,6400000,253.5067469799582,589156,38932,"[3, 9, 0, 8, 5, 4, 7, 6, 1, 2]"

31,16,6500000,253.25324023297824,588993,39024,"[8, 6, 5, 9, 3, 2, 0, 7, 4, 1]"

29,16,6600000,252.99998699274528,588815,38950,"[1, 6, 5, 9, 2, 0, 3, 7, 8, 4]"

31,16,6700000,252.74698700575254,588620,38856,"[8, 4, 5, 9, 6, 2, 7, 3, 0, 1]"

28,16,6800000,252.49424001874678,588441,38999,"[5, 6, 2, 0, 3, 4, 9, 8, 1, 7]"

41,16,6900000,252.24174577872805,588258,39012,"[0, 6, 9, 2, 7, 8, 1, 4, 5, 3]"

31,16,7000000,251.98950403294933,588080,39132,"[6, 0, 1, 9, 8, 3, 7, 4, 5, 2]"

40,16,7100000,251.73751452891636,587923,38887,"[3, 8, 6, 0, 7, 1, 5, 9, 2, 4]"

34,16,7200000,251.48577701438745,587755,38876,"[7, 9, 5, 0, 2, 6, 1, 3, 8, 4]"

30,16,7300000,251.23429123737307,587590,39074,"[2, 1, 8, 5, 9, 0, 4, 6, 3, 7]"

32,16,7400000,250.9830569461357,587422,39170,"[6, 1, 5, 7, 9, 3, 8, 0, 2, 4]"

33,16,7500000,250.73207388918956,587253,38917,"[3, 6, 1, 0, 2, 4, 7, 5, 8, 9]"

33,16,7600000,250.48134181530037,587088,39079,"[7, 5, 4, 8, 0, 6, 2, 1, 3, 9]"

28,16,7700000,250.23086047348508,586926,38860,"[5, 8, 6, 0, 2, 7, 1, 9, 3, 4]"

34,16,7800000,249.9806296130116,586762,38942,"[4, 3, 5, 1, 0, 8, 2, 9, 6, 7]"

33,16,7900000,249.73064898339857,586603,38906,"[1, 4, 3, 9, 0, 6, 8, 7, 2, 5]"

33,16,8000000,249.48091833441518,586444,38884,"[3, 6, 8, 9, 0, 1, 4, 2, 7, 5]"

33,16,8100000,249.23143741608075,586282,38812,"[3, 0, 2, 7, 1, 9, 4, 8, 5, 6]"

39,16,8200000,248.98220597866467,586118,38906,"[3, 6, 9, 8, 5, 7, 0, 2, 4, 1]"

30,16,8300000,248.733223772686,585951,39050,"[3, 8, 0, 2, 6, 1, 9, 4, 5, 7]"

27,16,8400000,248.4844905489133,585779,38865,"[9, 1, 2, 5, 6, 3, 0, 7, 8, 4]"

34,16,8500000,248.23600605836438,585594,38977,"[6, 2, 9, 1, 0, 4, 5, 3, 7, 8]"

30,16,8600000,247.98777005230602,585425,38933,"[2, 5, 8, 9, 0, 3, 7, 1, 6, 4]"

38,16,8700000,247.7397822822537,585250,38989,"[5, 4, 1, 9, 0, 2, 7, 6, 3, 8]"

28,16,8800000,247.49204249997146,585083,39100,"[7, 9, 2, 6, 1, 3, 5, 8, 0, 4]"

33,16,8900000,247.2445504574715,584921,38917,"[4, 6, 8, 3, 0, 5, 2, 9, 7, 1]"

37,16,9000000,246.997305907014,584759,38785,"[2, 3, 5, 4, 0, 8, 1, 7, 6, 9]"

34,16,9100000,246.750308601107,584595,38985,"[0, 7, 9, 8, 1, 3, 6, 2, 5, 4]"

35,16,9200000,246.50355829250591,584427,39022,"[7, 5, 2, 8, 3, 1, 9, 4, 0, 6]"

31,16,9300000,246.2570547342134,584265,38738,"[8, 3, 9, 4, 7, 1, 0, 6, 5, 2]"

42,16,9400000,246.0107976794792,584105,38975,"[3, 6, 9, 2, 4, 1, 5, 0, 7, 8]"

37,16,9500000,245.76478688179972,583951,38767,"[8, 7, 1, 9, 0, 5, 3, 4, 2, 6]"

41,16,9600000,245.51902209491791,583791,38773,"[7, 9, 5, 0, 1, 4, 8, 2, 6, 3]"

33,16,9700000,245.273503072823,583635,38964,"[9, 8, 1, 0, 3, 2, 7, 5, 4, 6]"

39,16,9800000,245.02822956975018,583477,38968,"[9, 2, 4, 0, 5, 7, 8, 1, 6, 3]"

31,16,9900000,244.78320134018043,583320,38984,"[5, 8, 0, 7, 3, 9, 2, 4, 1, 6]"

31,16,10000000,244.53841813884026,583151,39003,"[2, 6, 0, 4, 7, 8, 5, 9, 1, 3]"

27,16,10100000,244.29387972070143,582985,39138,"[9, 7, 6, 4, 8, 5, 1, 2, 0, 3]"

27,16,10200000,244.0495858409807,582809,39002,"[9, 3, 7, 0, 5, 8, 6, 4, 2, 1]"

28,16,10300000,243.80553625513974,582644,39030,"[6, 0, 3, 9, 8, 4, 5, 2, 1, 7]"

30,16,10400000,243.5617307188846,582479,38734,"[8, 1, 9, 0, 6, 5, 4, 2, 3, 7]"

28,16,10500000,243.31816898816572,582323,38980,"[8, 1, 9, 2, 6, 0, 3, 5, 7, 4]"

26,16,10600000,243.07485081917756,582162,39008,"[6, 7, 4, 5, 9, 2, 0, 3, 1, 8]"

32,16,10700000,242.8317759683584,582006,39019,"[2, 8, 1, 6, 5, 9, 7, 0, 3, 4]"

33,16,10800000,242.58894419239002,581846,39050,"[8, 6, 5, 3, 7, 1, 4, 0, 2, 9]"

33,16,10900000,242.34635524819763,581689,38789,"[9, 1, 4, 2, 6, 8, 5, 0, 7, 3]"

32,16,11000000,242.10400889294942,581533,38979,"[1, 5, 0, 7, 4, 6, 3, 9, 2, 8]"

34,16,11100000,241.8619048840565,581375,39034,"[2, 3, 6, 4, 8, 5, 9, 7, 1, 0]"

35,16,11200000,241.62004297917244,581217,38838,"[4, 0, 9, 6, 1, 8, 2, 5, 7, 3]"

36,16,11300000,241.37842293619326,581059,38875,"[3, 1, 8, 6, 0, 4, 5, 2, 9, 7]"

38,16,11400000,241.13704451325708,580901,38782,"[1, 8, 3, 2, 7, 6, 0, 5, 9, 4]"

32,16,11500000,240.89590746874381,580744,38981,"[0, 2, 1, 6, 3, 4, 5, 8, 9, 7]"

31,16,11600000,240.65501156127507,580588,38824,"[8, 2, 5, 7, 0, 4, 6, 9, 1, 3]"

31,16,11700000,240.4143565497138,580432,38921,"[4, 8, 9, 5, 6, 2, 7, 3, 0, 1]"

30,16,11800000,240.1739421931641,580273,38833,"[8, 1, 7, 6, 5, 0, 2, 3, 9, 4]"

36,16,11900000,239.93376825097093,580117,38923,"[5, 0, 7, 6, 1, 2, 8, 3, 9, 4]"

31,16,12000000,239.69383448271995,579956,39083,"[2, 4, 3, 7, 9, 1, 0, 6, 8, 5]"

35,16,12100000,239.45414064823723,579799,39031,"[0, 4, 5, 2, 1, 8, 7, 9, 3, 6]"

38,16,12200000,239.214686507589,579642,38814,"[4, 6, 0, 5, 9, 3, 1, 2, 7, 8]"

30,16,12300000,238.9754718210814,579488,39049,"[5, 2, 8, 7, 9, 0, 1, 3, 6, 4]"

33,16,12400000,238.73649634926034,579327,38890,"[2, 0, 5, 3, 4, 6, 8, 7, 1, 9]"

30,16,12500000,238.4977598529111,579169,38845,"[9, 6, 4, 8, 2, 0, 5, 3, 1, 7]"

39,16,12600000,238.25926209305817,579013,38947,"[8, 3, 5, 7, 6, 2, 4, 0, 9, 1]"

34,16,12700000,238.0210028309651,578854,38985,"[4, 2, 6, 1, 7, 5, 0, 9, 3, 8]"

31,16,12800000,237.78298182813413,578695,38941,"[0, 8, 9, 7, 4, 2, 6, 5, 1, 3]"

34,16,12900000,237.545198846306,578537,38951,"[2, 6, 3, 1, 8, 7, 9, 0, 5, 4]"

29,16,13000000,237.3076536474597,578378,38878,"[8, 0, 2, 6, 5, 9, 3, 7, 4, 1]"

33,16,13100000,237.07034599381223,578221,38997,"[5, 4, 8, 1, 3, 2, 0, 9, 7, 6]"

29,16,13200000,236.83327564781843,578065,38896,"[8, 3, 4, 2, 6, 7, 9, 0, 1, 5]"

41,16,13300000,236.5964423721706,577906,39005,"[7, 1, 0, 4, 6, 9, 2, 8, 3, 5]"

31,16,13400000,236.35984592979844,577742,39099,"[6, 2, 4, 9, 8, 7, 5, 3, 0, 1]"

37,16,13500000,236.12348608386864,577589,38820,"[9, 7, 6, 1, 0, 5, 3, 4, 8, 2]"

31,16,13600000,235.88736259778477,577431,38956,"[7, 4, 6, 3, 5, 0, 1, 9, 8, 2]"

31,16,13700000,235.65147523518698,577277,38819,"[4, 7, 8, 1, 2, 5, 0, 6, 3, 9]"

38,16,13800000,235.4158237599518,577120,38997,"[2, 7, 1, 4, 3, 5, 6, 9, 8, 0]"

35,16,13900000,235.18040793619184,576966,39083,"[7, 9, 4, 5, 2, 3, 1, 0, 8, 6]"

30,16,14000000,234.94522752825566,576806,38998,"[1, 6, 5, 0, 3, 8, 2, 4, 7, 9]"

33,16,14100000,234.7102823007274,576613,38992,"[7, 9, 8, 5, 1, 0, 3, 2, 4, 6]"

31,16,14200000,234.47557201842667,576445,38906,"[1, 6, 5, 0, 2, 8, 3, 7, 9, 4]"

39,16,14300000,234.24109644640825,576259,38831,"[1, 8, 9, 3, 2, 7, 5, 4, 0, 6]"

29,16,14400000,234.00685534996185,576079,38878,"[1, 3, 4, 6, 7, 2, 0, 5, 8, 9]"

39,16,14500000,233.77284849461188,575906,38990,"[2, 4, 3, 5, 7, 6, 0, 8, 1, 9]"

31,16,14600000,233.53907564611725,575741,38891,"[8, 6, 7, 0, 3, 9, 1, 4, 2, 5]"

32,16,14700000,233.30553657047113,575581,38987,"[4, 7, 3, 5, 1, 6, 9, 2, 0, 8]"

32,16,14800000,233.07223103390066,575419,39022,"[4, 2, 3, 7, 8, 5, 6, 9, 1, 0]"

34,16,14900000,232.83915880286676,575257,38966,"[6, 0, 7, 9, 4, 5, 1, 2, 3, 8]"

29,16,15000000,232.6063196440639,575094,38982,"[4, 6, 7, 9, 1, 3, 8, 2, 0, 5]"

25,16,15100000,232.3737133244198,574934,39122,"[7, 4, 9, 0, 8, 3, 6, 1, 2, 5]"

33,16,15200000,232.1413396110954,574775,39010,"[8, 9, 3, 7, 5, 4, 0, 1, 2, 6]"

25,16,15300000,231.90919827148429,574614,38987,"[8, 4, 7, 5, 9, 0, 6, 3, 1, 2]"

35,16,15400000,231.6772890732128,574455,39010,"[6, 2, 4, 0, 8, 9, 5, 7, 3, 1]"

27,16,15500000,231.44561178413957,574299,38951,"[7, 3, 0, 8, 5, 4, 1, 6, 9, 2]"

29,16,15600000,231.21416617235542,574142,38983,"[6, 8, 5, 3, 1, 2, 7, 4, 0, 9]"

28,16,15700000,230.98295200618307,573985,38965,"[0, 1, 5, 6, 4, 7, 9, 3, 2, 8]"

35,16,15800000,230.7519690541769,573825,38800,"[3, 4, 1, 0, 8, 7, 9, 2, 5, 6]"

37,16,15900000,230.52121708512271,573671,38801,"[8, 7, 0, 1, 9, 5, 2, 4, 6, 3]"

36,16,16000000,230.2906958680376,573512,39020,"[5, 4, 3, 2, 1, 9, 6, 8, 0, 7]"

33,16,16100000,230.06040517216957,573354,38920,"[7, 2, 1, 9, 4, 6, 0, 5, 8, 3]"

22,16,16200000,229.8303447669974,573193,38962,"[6, 9, 1, 3, 2, 7, 4, 5, 8, 0]"

32,16,16300000,229.6005144222304,573041,38907,"[1, 8, 4, 9, 5, 6, 0, 2, 3, 7]"

36,16,16400000,229.37091390780816,572881,38864,"[2, 7, 3, 6, 0, 8, 1, 9, 5, 4]"

38,16,16500000,229.14154299390034,572725,38927,"[9, 5, 1, 2, 4, 8, 3, 6, 0, 7]"

33,16,16600000,228.91240145090646,572568,38931,"[2, 8, 4, 6, 5, 0, 9, 7, 1, 3]"

28,16,16700000,228.68348904945555,572410,38810,"[8, 0, 1, 3, 9, 4, 2, 6, 5, 7]"

25,16,16800000,228.4548055604061,572253,38827,"[4, 7, 8, 5, 2, 1, 0, 6, 9, 3]"

37,16,16900000,228.2263507548457,572095,38734,"[0, 9, 7, 1, 5, 8, 2, 6, 4, 3]"

41,16,17000000,227.99812440409085,571938,38907,"[7, 9, 0, 8, 6, 3, 1, 5, 4, 2]"

31,16,17100000,227.77012627968676,571781,38907,"[3, 8, 1, 0, 4, 6, 2, 7, 9, 5]"

31,16,17200000,227.54235615340707,571624,38981,"[3, 9, 0, 4, 8, 5, 7, 1, 6, 2]"

35,16,17300000,227.31481379725366,571468,38826,"[9, 8, 2, 4, 7, 6, 0, 1, 5, 3]"

30,16,17400000,227.0874989834564,571310,38865,"[8, 1, 0, 9, 4, 2, 3, 5, 6, 7]"

29,16,17500000,226.86041148447296,571147,38791,"[6, 8, 5, 2, 0, 4, 9, 3, 7, 1]"

33,16,17600000,226.6335510729885,570988,38772,"[1, 0, 7, 9, 5, 8, 2, 4, 6, 3]"

31,16,17700000,226.40691752191552,570831,38808,"[5, 7, 0, 2, 3, 8, 1, 4, 6, 9]"

37,16,17800000,226.1805106043936,570675,39024,"[7, 1, 4, 5, 6, 9, 2, 0, 8, 3]"

37,16,17900000,225.9543300937892,570523,38957,"[6, 5, 4, 9, 0, 8, 2, 3, 7, 1]"

32,16,18000000,225.7283757636954,570362,38715,"[9, 1, 6, 2, 5, 4, 0, 3, 7, 8]"

28,16,18100000,225.5026473879317,570204,38994,"[4, 7, 3, 2, 0, 9, 1, 5, 6, 8]"

37,16,18200000,225.27714474054375,570049,38762,"[0, 9, 1, 6, 5, 4, 8, 7, 2, 3]"

33,16,18300000,225.0518675958032,569890,38888,"[1, 5, 0, 8, 4, 3, 9, 2, 7, 6]"

28,16,18400000,224.8268157282074,569735,38888,"[8, 6, 0, 2, 1, 5, 7, 3, 9, 4]"

34,16,18500000,224.6019889124792,569579,39123,"[7, 0, 3, 5, 9, 6, 8, 1, 2, 4]"

35,16,18600000,224.37738692356672,569419,38903,"[3, 1, 8, 7, 6, 5, 0, 9, 4, 2]"

29,16,18700000,224.15300953664314,569260,38838,"[7, 5, 6, 4, 0, 3, 1, 8, 2, 9]"

36,16,18800000,223.9288565271065,569104,38940,"[1, 0, 4, 5, 7, 6, 3, 2, 9, 8]"

28,16,18900000,223.7049276705794,568946,38897,"[5, 0, 8, 1, 9, 2, 3, 6, 4, 7]"

36,16,19000000,223.4812227429088,568786,39052,"[6, 9, 0, 2, 8, 4, 1, 5, 3, 7]"

33,16,19100000,223.2577415201659,568631,38901,"[3, 4, 9, 1, 8, 0, 5, 7, 2, 6]"

35,16,19200000,223.03448377864572,568473,38925,"[4, 1, 6, 3, 8, 0, 7, 2, 5, 9]"

33,16,19300000,222.8114492948671,568319,38878,"[6, 7, 8, 0, 1, 4, 5, 3, 2, 9]"

29,16,19400000,222.5886378455722,568159,39014,"[4, 8, 0, 5, 7, 6, 1, 9, 3, 2]"

35,16,19500000,222.36604920772663,568007,38933,"[3, 6, 2, 4, 5, 9, 7, 8, 0, 1]"

37,16,19600000,222.1436831585189,567843,38915,"[0, 3, 8, 4, 9, 5, 1, 6, 7, 2]"

28,16,19700000,221.9215394753604,567685,38853,"[9, 2, 6, 7, 1, 4, 5, 8, 3, 0]"

32,16,19800000,221.69961793588502,567530,39019,"[5, 9, 6, 1, 3, 4, 8, 0, 2, 7]"

36,16,19900000,221.47791831794913,567371,39074,"[5, 6, 3, 9, 2, 0, 4, 7, 1, 8]"

31,16,20000000,221.25644039963117,567212,38822,"[2, 4, 9, 7, 0, 3, 5, 8, 6, 1]"

32,16,20100000,221.03518395923155,567049,38857,"[5, 1, 3, 0, 4, 6, 9, 7, 2, 8]"

36,16,20200000,220.81414877527232,566886,38857,"[3, 2, 0, 4, 5, 9, 6, 8, 1, 7]"

33,16,20300000,220.59333462649704,566724,38889,"[7, 0, 5, 3, 4, 8, 9, 6, 1, 2]"

29,16,20400000,220.37274129187054,566563,38932,"[9, 2, 8, 1, 0, 5, 3, 4, 7, 6]"

33,16,20500000,220.15236855057867,566409,38932,"[8, 2, 9, 0, 4, 6, 7, 5, 1, 3]"

35,16,20600000,219.9322161820281,566251,38960,"[5, 8, 7, 3, 0, 9, 1, 6, 4, 2]"

37,16,20700000,219.71228396584607,566086,38970,"[7, 9, 8, 2, 6, 0, 5, 4, 1, 3]"

33,16,20800000,219.49257168188024,565899,39037,"[4, 3, 2, 7, 1, 0, 9, 8, 6, 5]"

37,16,20900000,219.27307911019835,565720,39027,"[4, 3, 5, 8, 1, 0, 7, 2, 9, 6]"

35,16,21000000,219.05380603108816,565552,39205,"[7, 1, 2, 5, 4, 0, 3, 9, 8, 6]"

34,16,21100000,218.83475222505706,565389,38920,"[6, 5, 9, 7, 1, 8, 4, 3, 2, 0]"

33,16,21200000,218.615917472832,565231,38927,"[1, 9, 4, 3, 2, 7, 6, 0, 5, 8]"

41,16,21300000,218.39730155535915,565073,38955,"[8, 1, 9, 5, 3, 2, 4, 0, 7, 6]"

34,16,21400000,218.17890425380378,564914,38819,"[9, 5, 2, 7, 6, 3, 4, 0, 1, 8]"

37,16,21500000,217.96072534955,564755,38937,"[1, 8, 9, 6, 7, 5, 0, 4, 3, 2]"

39,16,21600000,217.74276462420045,564598,38915,"[8, 1, 7, 0, 2, 4, 5, 9, 6, 3]"

36,16,21700000,217.52502185957624,564438,38837,"[7, 1, 8, 3, 6, 5, 2, 0, 9, 4]"

29,16,21800000,217.30749683771666,564280,38871,"[1, 2, 8, 5, 4, 3, 9, 0, 7, 6]"

27,16,21900000,217.09018934087894,564125,38867,"[1, 6, 5, 0, 3, 2, 8, 9, 4, 7]"

28,16,22000000,216.87309915153807,563967,38889,"[3, 8, 0, 1, 5, 6, 9, 2, 7, 4]"

31,16,22100000,216.65622605238653,563803,39052,"[7, 4, 0, 6, 5, 3, 9, 8, 1, 2]"

25,16,22200000,216.43956982633415,563640,39019,"[9, 3, 7, 4, 2, 8, 0, 1, 5, 6]"

28,16,22300000,216.22313025650783,563481,38919,"[2, 1, 5, 8, 9, 6, 4, 3, 0, 7]"

29,16,22400000,216.00690712625132,563318,38790,"[0, 3, 1, 2, 8, 7, 5, 6, 4, 9]"

39,16,22500000,215.79090021912506,563149,38809,"[0, 7, 2, 6, 8, 4, 9, 5, 1, 3]"

39,16,22600000,215.57510931890593,562984,38917,"[1, 8, 0, 7, 9, 5, 6, 2, 4, 3]"

34,16,22700000,215.35953420958703,562810,39065,"[6, 3, 7, 1, 9, 4, 0, 5, 2, 8]"

43,16,22800000,215.14417467537743,562643,38792,"[8, 6, 9, 5, 3, 2, 4, 0, 7, 1]"

26,16,22900000,214.92903050070205,562487,38858,"[4, 7, 5, 9, 6, 1, 2, 3, 8, 0]"

31,16,23000000,214.71410147020134,562327,38960,"[4, 5, 7, 1, 2, 3, 0, 6, 8, 9]"

35,16,23100000,214.49938736873113,562169,38991,"[1, 0, 4, 6, 2, 8, 9, 3, 7, 5]"

38,16,23200000,214.2848879813624,562010,38864,"[0, 5, 6, 3, 4, 9, 2, 1, 8, 7]"

37,16,23300000,214.07060309338104,561854,39055,"[3, 5, 8, 0, 6, 7, 1, 4, 9, 2]"

31,16,23400000,213.85653249028766,561696,39030,"[5, 2, 7, 3, 0, 4, 8, 9, 6, 1]"

33,16,23500000,213.64267595779737,561543,38859,"[2, 6, 4, 7, 0, 8, 9, 5, 3, 1]"

38,16,23600000,213.42903328183957,561384,38898,"[3, 2, 7, 4, 1, 5, 9, 6, 0, 8]"

31,16,23700000,213.21560424855772,561227,38894,"[2, 0, 8, 4, 5, 7, 3, 1, 6, 9]"

36,16,23800000,213.00238864430918,561071,38999,"[5, 3, 7, 1, 4, 2, 6, 8, 9, 0]"

28,16,23900000,212.78938625566488,560913,38815,"[3, 0, 5, 9, 1, 2, 4, 7, 6, 8]"

41,16,24000000,212.5765968694092,560756,38854,"[7, 1, 5, 4, 9, 0, 2, 8, 6, 3]"

37,16,24100000,212.3640202725398,560599,38920,"[9, 7, 6, 3, 2, 0, 8, 4, 5, 1]"

32,16,24200000,212.15165625226726,560444,38959,"[3, 9, 8, 5, 2, 1, 4, 6, 7, 0]"

36,16,24300000,211.93950459601498,560287,39180,"[3, 0, 4, 1, 5, 2, 6, 9, 8, 7]"

28,16,24400000,211.72756509141897,560127,38722,"[8, 3, 4, 0, 5, 1, 9, 6, 2, 7]"

36,16,24500000,211.51583752632754,559969,38775,"[6, 0, 4, 3, 1, 7, 9, 5, 2, 8]"

41,16,24600000,211.30432168880122,559809,38989,"[4, 9, 5, 8, 6, 3, 2, 0, 7, 1]"

32,16,24700000,211.09301736711242,559656,38810,"[4, 6, 9, 1, 5, 7, 3, 8, 2, 0]"

30,16,24800000,210.8819243497453,559499,39013,"[0, 9, 6, 3, 4, 7, 5, 1, 2, 8]"

31,16,24900000,210.67104242539557,559339,38785,"[7, 6, 9, 4, 5, 0, 8, 1, 3, 2]"

39,16,25000000,210.46037138297018,559180,39083,"[8, 6, 1, 7, 0, 3, 4, 2, 9, 5]"

28,16,25100000,210.24991101158722,559028,39019,"[8, 5, 2, 0, 7, 3, 1, 9, 6, 4]"

35,16,25200000,210.03966110057561,558867,39059,"[2, 4, 1, 0, 5, 8, 6, 9, 7, 3]"

32,16,25300000,209.82962143947503,558713,38873,"[0, 1, 2, 3, 8, 7, 6, 9, 5, 4]"

28,16,25400000,209.61979181803557,558556,39007,"[9, 5, 7, 8, 6, 4, 1, 3, 2, 0]"

30,16,25500000,209.41017202621754,558400,38940,"[3, 0, 8, 7, 1, 2, 9, 6, 5, 4]"

37,16,25600000,209.2007618541913,558244,38961,"[0, 7, 2, 4, 1, 8, 9, 5, 6, 3]"

38,16,25700000,208.99156109233712,558087,38739,"[0, 6, 1, 9, 5, 4, 8, 3, 2, 7]"

36,16,25800000,208.78256953124477,557932,38755,"[3, 6, 9, 8, 7, 5, 2, 1, 4, 0]"

33,16,25900000,208.57378696171352,557772,38859,"[5, 1, 6, 8, 7, 9, 4, 2, 0, 3]"

36,16,26000000,208.3652131747518,557611,38756,"[0, 7, 3, 9, 6, 2, 8, 1, 5, 4]"

38,16,26100000,208.15684796157706,557426,38915,"[0, 5, 1, 9, 4, 6, 3, 2, 8, 7]"

35,16,26200000,207.94869111361547,557245,38992,"[3, 4, 1, 6, 0, 5, 8, 7, 2, 9]"

32,16,26300000,207.74074242250185,557063,39019,"[8, 1, 2, 4, 9, 6, 5, 3, 0, 7]"

31,16,26400000,207.53300168007934,556894,38896,"[2, 9, 7, 4, 0, 1, 5, 6, 3, 8]"

28,16,26500000,207.32546867839926,556728,39064,"[3, 5, 2, 8, 9, 1, 0, 6, 7, 4]"

35,16,26600000,207.11814320972087,556568,39000,"[9, 0, 1, 5, 4, 2, 7, 3, 8, 6]"

35,16,26700000,206.91102506651114,556410,38816,"[9, 4, 0, 5, 8, 3, 1, 7, 6, 2]"

33,16,26800000,206.70411404144463,556255,38949,"[0, 9, 5, 7, 1, 8, 2, 4, 6, 3]"

26,16,26900000,206.49740992740317,556094,38826,"[1, 8, 2, 0, 5, 4, 9, 6, 3, 7]"

27,16,27000000,206.29091251747576,555936,39043,"[9, 3, 6, 7, 4, 0, 5, 8, 1, 2]"

31,16,27100000,206.08462160495827,555775,38748,"[7, 6, 2, 9, 3, 1, 8, 4, 0, 5]"

25,16,27200000,205.8785369833533,555615,38824,"[7, 4, 8, 6, 0, 1, 2, 9, 3, 5]"

34,16,27300000,205.67265844636995,555461,38833,"[4, 0, 1, 9, 2, 5, 6, 3, 8, 7]"

29,16,27400000,205.4669857879236,555303,38913,"[8, 4, 2, 7, 5, 1, 0, 3, 6, 9]"

32,16,27500000,205.26151880213567,555147,38857,"[6, 7, 1, 8, 9, 5, 2, 0, 3, 4]"

37,16,27600000,205.05625728333354,554990,38921,"[6, 0, 1, 9, 3, 5, 4, 8, 7, 2]"

35,16,27700000,204.8512010260502,554835,38868,"[1, 2, 4, 6, 0, 5, 8, 9, 7, 3]"

36,16,27800000,204.64634982502415,554674,38866,"[2, 9, 4, 1, 8, 7, 3, 6, 5, 0]"

34,16,27900000,204.44170347519912,554494,38861,"[0, 9, 4, 3, 5, 6, 8, 2, 1, 7]"

39,16,28000000,204.23726177172392,554315,38869,"[8, 9, 0, 6, 1, 7, 5, 2, 4, 3]"

37,16,28100000,204.03302450995218,554138,38781,"[4, 8, 1, 6, 7, 9, 5, 3, 0, 2]"

35,16,28200000,203.82899148544223,553967,38828,"[4, 0, 9, 7, 3, 1, 8, 5, 6, 2]"

29,16,28300000,203.6251624939568,553799,38787,"[2, 3, 0, 7, 6, 5, 8, 9, 4, 1]"

35,16,28400000,203.42153733146284,553635,38775,"[4, 7, 3, 1, 0, 5, 9, 2, 8, 6]"

31,16,28500000,203.2181157941314,553475,38671,"[1, 3, 4, 5, 8, 6, 7, 0, 9, 2]"

28,16,28600000,203.01489767833726,553314,38989,"[9, 3, 6, 5, 0, 2, 1, 7, 4, 8]"

41,16,28700000,202.81188278065892,553156,38876,"[4, 3, 2, 5, 0, 9, 7, 8, 1, 6]"

26,16,28800000,202.60907089787827,552998,38863,"[5, 1, 2, 7, 6, 8, 4, 9, 3, 0]"

39,16,28900000,202.4064618269804,552842,38980,"[2, 9, 7, 8, 6, 1, 4, 3, 5, 0]"

24,16,29000000,202.20405536515344,552685,39052,"[5, 6, 4, 9, 8, 0, 1, 2, 3, 7]"

35,16,29100000,202.0018513097883,552528,38755,"[7, 0, 3, 5, 9, 2, 6, 4, 8, 1]"

33,16,29200000,201.7998494584785,552368,39074,"[8, 4, 0, 2, 7, 5, 6, 1, 9, 3]"

37,16,29300000,201.59804960902002,552212,38695,"[9, 7, 5, 4, 2, 0, 6, 8, 3, 1]"

34,16,29400000,201.396451559411,552055,38948,"[1, 8, 2, 6, 0, 4, 9, 3, 5, 7]"

34,16,29500000,201.19505510785157,551896,39034,"[4, 6, 8, 9, 2, 5, 0, 3, 1, 7]"

31,16,29600000,200.9938600527437,551739,38828,"[6, 9, 1, 8, 3, 7, 4, 5, 0, 2]"

33,16,29700000,200.79286619269098,551584,38964,"[4, 2, 5, 8, 7, 0, 9, 6, 3, 1]"

33,16,29800000,200.59207332649828,551425,38852,"[6, 7, 1, 8, 5, 0, 4, 3, 2, 9]"

31,16,29900000,200.39148125317178,551269,38797,"[2, 5, 8, 1, 0, 7, 6, 9, 4, 3]"

24,16,30000000,200.1910897719186,551094,38921,"[5, 6, 2, 0, 1, 8, 3, 9, 4, 7]"

30,16,30100000,199.99089868214668,550930,38833,"[4, 3, 7, 9, 1, 5, 2, 6, 8, 0]"

37,16,30200000,199.79090778346452,550752,38932,"[4, 9, 8, 0, 6, 7, 1, 2, 5, 3]"

28,16,30300000,199.59111687568105,550582,38843,"[7, 5, 1, 2, 9, 3, 0, 8, 6, 4]"

32,16,30400000,199.39152575880536,550416,38684,"[8, 9, 5, 7, 2, 6, 0, 3, 1, 4]"

28,16,30500000,199.19213423304654,550261,39036,"[1, 6, 9, 7, 0, 2, 3, 5, 8, 4]"

32,16,30600000,198.9929420988135,550102,38903,"[8, 6, 5, 4, 3, 2, 0, 9, 1, 7]"

37,16,30700000,198.7939491567147,549947,38688,"[5, 4, 1, 8, 6, 0, 3, 2, 7, 9]"

27,16,30800000,198.59515520755798,549789,38903,"[1, 9, 7, 6, 4, 2, 0, 3, 5, 8]"

31,16,30900000,198.39656005235042,549632,38835,"[2, 8, 6, 4, 3, 1, 9, 7, 0, 5]"

31,16,31000000,198.19816349229808,549466,38917,"[7, 5, 6, 2, 1, 3, 4, 0, 8, 9]"

28,16,31100000,197.99996532880579,549304,38979,"[8, 2, 1, 4, 6, 7, 5, 9, 3, 0]"

29,16,31200000,197.80196536347697,549144,38929,"[9, 8, 7, 4, 6, 5, 1, 3, 0, 2]"

35,16,31300000,197.60416339811349,548988,38761,"[5, 3, 0, 4, 8, 2, 1, 6, 7, 9]"

37,16,31400000,197.40655923471536,548827,38945,"[4, 5, 1, 9, 8, 0, 3, 2, 7, 6]"

37,16,31500000,197.20915267548065,548675,39086,"[6, 4, 2, 9, 5, 3, 0, 7, 8, 1]"

35,16,31600000,197.01194352280518,548516,38809,"[2, 7, 9, 1, 0, 4, 8, 5, 3, 6]"

31,16,31700000,196.8149315792824,548353,38851,"[2, 5, 0, 6, 4, 8, 7, 3, 9, 1]"

25,16,31800000,196.61811664770312,548181,38902,"[9, 3, 8, 0, 4, 7, 6, 5, 1, 2]"

31,16,31900000,196.42149853105542,548012,38738,"[1, 8, 9, 3, 7, 2, 5, 0, 4, 6]"

31,16,32000000,196.22507703252435,547842,38852,"[6, 0, 8, 3, 9, 4, 5, 7, 1, 2]"

33,16,32100000,196.02885195549183,547676,39035,"[6, 0, 3, 9, 8, 4, 5, 2, 7, 1]"

29,16,32200000,195.83282310353633,547517,38818,"[5, 6, 7, 2, 1, 9, 0, 8, 4, 3]"

34,16,32300000,195.6369902804328,547363,38787,"[2, 8, 1, 7, 9, 5, 0, 3, 6, 4]"

36,16,32400000,195.44135329015236,547204,38948,"[8, 5, 2, 3, 9, 4, 6, 1, 0, 7]"

29,16,32500000,195.2459119368622,547047,38982,"[1, 4, 2, 7, 3, 9, 6, 0, 8, 5]"

36,16,32600000,195.05066602492533,546888,38892,"[3, 0, 4, 5, 9, 6, 2, 1, 8, 7]"

32,16,32700000,194.85561535890042,546730,38998,"[7, 6, 9, 4, 3, 5, 2, 1, 0, 8]"

36,16,32800000,194.66075974354152,546572,38911,"[4, 5, 0, 1, 2, 6, 3, 9, 7, 8]"

41,16,32900000,194.46609898379796,546416,38986,"[4, 2, 9, 8, 1, 6, 0, 7, 5, 3]"

35,16,33000000,194.27163288481415,546258,39044,"[8, 4, 9, 3, 5, 0, 6, 7, 2, 1]"

36,16,33100000,194.07736125192935,546090,38840,"[3, 2, 9, 4, 1, 5, 8, 6, 7, 0]"

32,16,33200000,193.8832838906774,545919,38542,"[7, 6, 4, 9, 1, 5, 3, 2, 0, 8]"

29,16,33300000,193.68940060678673,545758,38747,"[6, 7, 2, 4, 3, 9, 8, 5, 0, 1]"

37,16,33400000,193.49571120617995,545596,38770,"[8, 1, 0, 6, 3, 9, 7, 5, 4, 2]"

37,16,33500000,193.30221549497378,545408,38877,"[2, 3, 7, 6, 1, 8, 0, 5, 4, 9]"

34,16,33600000,193.1089132794788,545241,39047,"[1, 5, 6, 0, 7, 2, 9, 4, 3, 8]"

33,16,33700000,192.91580436619932,545068,38730,"[9, 0, 4, 6, 2, 1, 5, 8, 7, 3]"

32,16,33800000,192.72288856183312,544901,38728,"[3, 9, 5, 7, 1, 6, 4, 2, 8, 0]"

38,16,33900000,192.53016567327128,544745,38696,"[6, 7, 0, 2, 9, 4, 1, 5, 3, 8]"

33,16,34000000,192.337635507598,544586,38982,"[5, 3, 8, 9, 0, 7, 2, 4, 6, 1]"

36,16,34100000,192.14529787209042,544427,38948,"[9, 0, 8, 6, 1, 3, 4, 2, 5, 7]"

31,16,34200000,191.95315257421834,544271,38936,"[1, 7, 5, 6, 4, 0, 2, 3, 8, 9]"

29,16,34300000,191.7611994216441,544113,38978,"[2, 8, 9, 3, 1, 4, 7, 0, 6, 5]"

33,16,34400000,191.56943822222246,543947,38884,"[9, 6, 8, 2, 3, 0, 4, 7, 1, 5]"

29,16,34500000,191.37786878400024,543781,38721,"[6, 1, 3, 4, 7, 5, 9, 8, 0, 2]"

27,16,34600000,191.18649091521624,543610,38854,"[0, 2, 8, 6, 4, 9, 1, 3, 7, 5]"

27,16,34700000,190.99530442430103,543445,39061,"[8, 4, 5, 3, 0, 7, 2, 6, 9, 1]"

30,16,34800000,190.80430911987673,543279,38835,"[8, 1, 5, 6, 2, 7, 9, 3, 0, 4]"

31,16,34900000,190.61350481075687,543104,38731,"[6, 2, 9, 7, 3, 4, 1, 8, 0, 5]"

30,16,35000000,190.4228913059461,542930,38788,"[2, 4, 7, 9, 3, 5, 8, 6, 1, 0]"

28,16,35100000,190.23246841464015,542750,38985,"[5, 4, 6, 8, 9, 0, 3, 2, 1, 7]"

33,16,35200000,190.0422359462255,542586,38843,"[3, 8, 1, 5, 0, 6, 4, 7, 9, 2]"

37,16,35300000,189.85219371027927,542403,38698,"[7, 9, 1, 5, 3, 6, 8, 4, 0, 2]"

21,16,35400000,189.662341516569,542232,38924,"[3, 6, 9, 4, 7, 8, 0, 1, 2, 5]"

29,16,35500000,189.47267917505243,542054,38614,"[8, 3, 4, 6, 9, 1, 2, 7, 0, 5]"

35,16,35600000,189.28320649587738,541889,38981,"[9, 4, 3, 2, 0, 1, 7, 5, 8, 6]"

28,16,35700000,189.0939232893815,541723,38699,"[2, 8, 6, 5, 0, 4, 9, 1, 3, 7]"

37,16,35800000,188.90482936609212,541561,38857,"[7, 3, 6, 0, 8, 4, 5, 1, 9, 2]"

39,16,35900000,188.71592453672602,541406,38737,"[7, 1, 4, 8, 3, 2, 5, 9, 0, 6]"

34,16,36000000,188.5272086121893,541248,38886,"[1, 7, 6, 9, 5, 0, 3, 4, 2, 8]"

37,16,36100000,188.3386814035771,541090,38698,"[6, 7, 3, 0, 4, 5, 1, 9, 8, 2]"

33,16,36200000,188.15034272217355,540933,38798,"[8, 3, 5, 1, 2, 0, 4, 6, 7, 9]"

39,16,36300000,187.96219237945138,540774,38962,"[5, 3, 9, 4, 6, 8, 0, 2, 7, 1]"

41,16,36400000,187.77423018707194,540616,38866,"[2, 0, 6, 1, 7, 3, 5, 4, 8, 9]"

29,16,36500000,187.58645595688486,540456,38923,"[4, 6, 0, 9, 1, 3, 2, 7, 8, 5]"

36,16,36600000,187.398869500928,540297,38985,"[7, 3, 2, 6, 9, 8, 1, 4, 5, 0]"

35,16,36700000,187.21147063142706,540138,38792,"[5, 7, 2, 9, 8, 0, 3, 4, 6, 1]"

35,16,36800000,187.02425916079562,539979,38789,"[7, 3, 6, 4, 9, 2, 8, 1, 0, 5]"

32,16,36900000,186.83723490163482,539822,38810,"[7, 2, 9, 1, 8, 6, 0, 3, 5, 4]"

28,16,37000000,186.65039766673317,539664,38808,"[2, 5, 8, 4, 6, 0, 9, 3, 1, 7]"

36,16,37100000,186.46374726906643,539511,38901,"[2, 8, 9, 5, 3, 6, 0, 1, 4, 7]"

32,16,37200000,186.27728352179736,539351,38809,"[3, 0, 1, 6, 4, 2, 5, 8, 9, 7]"

39,16,37300000,186.09100623827555,539198,38933,"[7, 6, 8, 2, 9, 5, 4, 0, 1, 3]"

35,16,37400000,185.90491523203727,539040,38651,"[4, 8, 2, 0, 3, 6, 7, 1, 9, 5]"

41,16,37500000,185.71901031680522,538883,38821,"[8, 7, 3, 5, 4, 2, 9, 0, 6, 1]"

31,16,37600000,185.53329130648842,538725,38892,"[1, 3, 7, 6, 0, 5, 8, 2, 4, 9]"

36,16,37700000,185.34775801518194,538571,38816,"[1, 8, 6, 9, 2, 4, 3, 0, 5, 7]"

37,16,37800000,185.16241025716675,538416,38949,"[0, 4, 1, 9, 6, 5, 7, 8, 2, 3]"

33,16,37900000,184.9772478469096,538260,38851,"[8, 3, 1, 6, 2, 0, 5, 7, 4, 9]"

31,16,38000000,184.79227059906268,538103,38697,"[7, 4, 6, 0, 2, 5, 9, 8, 1, 3]"

32,16,38100000,184.6074783284636,537947,39023,"[1, 7, 8, 2, 5, 6, 9, 3, 0, 4]"

32,16,38200000,184.42287085013513,537787,38925,"[9, 4, 3, 6, 5, 8, 1, 0, 2, 7]"

33,16,38300000,184.23844797928498,537629,39007,"[8, 4, 5, 2, 0, 9, 6, 7, 1, 3]"

28,16,38400000,184.0542095313057,537475,38737,"[9, 7, 2, 1, 5, 3, 0, 8, 6, 4]"

36,16,38500000,183.8701553217744,537317,38876,"[4, 2, 1, 5, 7, 9, 3, 8, 6, 0]"

30,16,38600000,183.68628516645262,537145,38781,"[6, 2, 0, 1, 9, 8, 3, 5, 4, 7]"

28,16,38700000,183.50259888128616,536975,38886,"[3, 0, 6, 9, 7, 2, 5, 1, 8, 4]"

31,16,38800000,183.31909628240487,536802,38915,"[6, 4, 9, 2, 7, 8, 5, 3, 0, 1]"

38,16,38900000,183.13577718612245,536631,38712,"[0, 1, 6, 4, 5, 9, 2, 3, 8, 7]"

33,16,39000000,182.95264140893633,536465,38788,"[0, 3, 8, 6, 7, 9, 1, 4, 5, 2]"

33,16,39100000,182.76968876752738,536306,38913,"[9, 8, 6, 1, 4, 7, 0, 3, 2, 5]"

35,16,39200000,182.58691907875985,536146,38884,"[7, 1, 9, 0, 2, 4, 8, 6, 3, 5]"

30,16,39300000,182.40433215968108,535982,38907,"[6, 9, 0, 2, 1, 4, 3, 7, 5, 8]"

31,16,39400000,182.2219278275214,535806,38903,"[7, 6, 2, 8, 4, 9, 1, 3, 0, 5]"

34,16,39500000,182.03970589969387,535648,38925,"[5, 9, 1, 0, 7, 4, 2, 6, 3, 8]"

29,16,39600000,181.8576661937942,535488,38925,"[2, 0, 9, 5, 6, 8, 4, 3, 7, 1]"

30,16,39700000,181.6758085276004,535332,38933,"[6, 4, 1, 2, 3, 5, 7, 8, 9, 0]"

31,16,39800000,181.4941327190728,535171,38939,"[5, 2, 4, 9, 3, 0, 8, 1, 7, 6]"

31,16,39900000,181.31263858635373,535013,38916,"[5, 2, 9, 7, 4, 3, 0, 6, 8, 1]"

39,16,40000000,181.13132594776738,534849,39050,"[7, 4, 1, 5, 9, 3, 6, 0, 8, 2]"

31,16,40100000,180.9501946218196,534686,38922,"[0, 1, 2, 4, 7, 3, 8, 5, 9, 6]"

35,16,40200000,180.76924442719778,534523,38964,"[6, 1, 7, 2, 0, 4, 8, 9, 3, 5]"

34,16,40300000,180.58847518277057,534357,38821,"[5, 1, 9, 0, 4, 6, 3, 7, 2, 8]"

29,16,40400000,180.4078867075878,534190,38863,"[3, 8, 1, 2, 0, 5, 7, 9, 4, 6]"

27,16,40500000,180.2274788208802,534016,38867,"[4, 6, 8, 5, 9, 1, 7, 3, 0, 2]"

38,16,40600000,180.04725134205933,533846,38680,"[7, 1, 4, 9, 2, 0, 5, 3, 6, 8]"

38,16,40700000,179.86720409071728,533681,38847,"[9, 7, 5, 8, 2, 3, 6, 0, 1, 4]"

29,16,40800000,179.68733688662655,533521,38778,"[7, 9, 4, 3, 6, 0, 1, 8, 2, 5]"

33,16,40900000,179.50764954973994,533359,38954,"[6, 2, 7, 3, 1, 4, 8, 0, 5, 9]"

35,16,41000000,179.3281419001902,533199,39120,"[8, 3, 7, 0, 4, 5, 9, 6, 1, 2]"

34,16,41100000,179.14881375829,533043,38892,"[0, 5, 1, 3, 8, 6, 4, 9, 2, 7]"

33,16,41200000,178.9696649445317,532883,38793,"[0, 3, 2, 5, 1, 4, 7, 9, 8, 6]"

39,16,41300000,178.79069527958717,532726,39024,"[6, 7, 8, 9, 2, 0, 4, 5, 1, 3]"

32,16,41400000,178.61190458430758,532565,38920,"[7, 9, 2, 8, 6, 5, 4, 1, 3, 0]"

31,16,41500000,178.43329267972328,532410,38958,"[8, 0, 7, 5, 6, 2, 4, 9, 1, 3]"

28,16,41600000,178.25485938704355,532252,38932,"[2, 0, 5, 8, 7, 3, 9, 6, 1, 4]"

35,16,41700000,178.0766045276565,532093,38902,"[1, 0, 9, 5, 4, 3, 8, 6, 7, 2]"

41,16,41800000,177.89852792312885,531934,38801,"[3, 5, 9, 4, 1, 8, 7, 0, 2, 6]"

30,16,41900000,177.72062939520572,531774,38757,"[9, 6, 3, 2, 1, 4, 7, 5, 0, 8]"

37,16,42000000,177.54290876581052,531617,38858,"[6, 7, 3, 8, 2, 9, 4, 1, 0, 5]"

30,16,42100000,177.3653658570447,531459,39049,"[1, 3, 8, 9, 0, 2, 4, 6, 5, 7]"

35,16,42200000,177.18800049118767,531299,38693,"[3, 4, 0, 8, 1, 7, 9, 5, 2, 6]"

34,16,42300000,177.01081249069648,531138,38790,"[2, 0, 3, 7, 6, 9, 8, 1, 5, 4]"

28,16,42400000,176.8338016782058,530977,38891,"[6, 1, 9, 2, 7, 5, 8, 3, 4, 0]"

33,16,42500000,176.65696787652757,530819,38661,"[2, 6, 5, 9, 1, 0, 4, 3, 7, 8]"

33,16,42600000,176.48031090865103,530661,38724,"[7, 1, 6, 2, 3, 5, 8, 4, 0, 9]"

34,16,42700000,176.30383059774238,530504,38714,"[2, 6, 0, 1, 9, 4, 5, 7, 3, 8]"

38,16,42800000,176.12752676714464,530344,38794,"[1, 4, 5, 2, 3, 6, 0, 8, 9, 7]"

35,16,42900000,175.9513992403775,530188,38816,"[2, 0, 3, 9, 5, 4, 8, 7, 1, 6]"

28,16,43000000,175.77544784113712,530027,38934,"[9, 3, 0, 5, 6, 4, 7, 2, 1, 8]"

36,16,43100000,175.59967239329598,529869,38825,"[9, 2, 4, 1, 8, 5, 3, 6, 7, 0]"

33,16,43200000,175.42407272090267,529712,38772,"[6, 3, 8, 1, 0, 2, 7, 9, 4, 5]"

29,16,43300000,175.24864864818176,529555,38772,"[4, 5, 8, 7, 0, 2, 3, 1, 9, 6]"

32,16,43400000,175.07339999953356,529393,38940,"[7, 4, 0, 5, 9, 6, 3, 2, 1, 8]"

29,16,43500000,174.89832659953402,529235,38778,"[9, 7, 5, 6, 8, 1, 4, 3, 0, 2]"

42,16,43600000,174.72342827293448,529076,38863,"[3, 5, 9, 2, 4, 6, 0, 7, 1, 8]"

31,16,43700000,174.54870484466156,528916,39163,"[3, 2, 5, 7, 0, 8, 9, 1, 4, 6]"

29,16,43800000,174.3741561398169,528754,38861,"[5, 8, 6, 4, 3, 7, 1, 0, 9, 2]"

36,16,43900000,174.1997819836771,528600,38893,"[3, 7, 5, 0, 1, 9, 4, 6, 2, 8]"

34,16,44000000,174.02558220169342,528441,38959,"[4, 9, 0, 1, 7, 6, 3, 2, 5, 8]"

31,16,44100000,173.85155661949173,528284,38942,"[9, 1, 4, 8, 6, 3, 0, 7, 5, 2]"

33,16,44200000,173.67770506287223,528125,38783,"[7, 8, 2, 4, 3, 9, 0, 5, 1, 6]"

27,16,44300000,173.50402735780935,527971,38759,"[4, 6, 8, 5, 7, 9, 3, 2, 0, 1]"

30,16,44400000,173.33052333045154,527810,38706,"[8, 1, 9, 0, 7, 6, 2, 5, 3, 4]"

31,16,44500000,173.15719280712108,527654,38917,"[2, 9, 0, 1, 6, 4, 7, 8, 5, 3]"

28,16,44600000,172.98403561431397,527496,38729,"[6, 8, 4, 7, 2, 9, 5, 3, 1, 0]"

38,16,44700000,172.81105157869965,527338,38673,"[4, 0, 6, 2, 3, 9, 5, 7, 1, 8]"

32,16,44800000,172.63824052712096,527181,38829,"[2, 0, 9, 8, 3, 1, 6, 4, 5, 7]"

31,16,44900000,172.46560228659382,527023,38877,"[5, 4, 6, 7, 0, 3, 8, 2, 1, 9]"

34,16,45000000,172.29313668430723,526863,38847,"[6, 9, 3, 2, 5, 1, 7, 0, 4, 8]"

43,16,45100000,172.1208435476229,526703,38812,"[7, 0, 4, 1, 5, 9, 8, 3, 6, 2]"

33,16,45200000,171.9487227040753,526545,38784,"[7, 4, 1, 6, 0, 5, 8, 2, 3, 9]"

31,16,45300000,171.7767739813712,526388,38755,"[5, 0, 4, 7, 8, 6, 1, 3, 2, 9]"

37,16,45400000,171.60499720738983,526228,38745,"[3, 9, 4, 5, 2, 8, 7, 1, 6, 0]"

33,16,45500000,171.43339221018243,526072,38855,"[6, 9, 0, 8, 4, 7, 2, 1, 5, 3]"

28,16,45600000,171.26195881797224,525911,38803,"[6, 8, 0, 3, 9, 1, 2, 5, 4, 7]"

36,16,45700000,171.09069685915426,525755,38824,"[8, 3, 2, 5, 7, 6, 9, 1, 0, 4]"

35,16,45800000,170.9196061622951,525595,38947,"[4, 2, 1, 7, 5, 3, 9, 8, 0, 6]"

27,16,45900000,170.7486865561328,525442,38907,"[6, 9, 7, 1, 3, 0, 5, 8, 2, 4]"

35,16,46000000,170.5779378695767,525282,38782,"[0, 4, 7, 1, 9, 8, 3, 6, 5, 2]"

31,16,46100000,170.4073599317071,525124,38908,"[1, 5, 9, 8, 6, 4, 2, 7, 0, 3]"

25,16,46200000,170.2369525717754,524967,39033,"[6, 1, 2, 5, 9, 0, 3, 7, 4, 8]"

28,16,46300000,170.06671561920362,524804,38881,"[9, 1, 3, 4, 0, 5, 6, 7, 2, 8]"

30,16,46400000,169.8966489035844,524643,38749,"[2, 9, 0, 1, 5, 6, 3, 7, 8, 4]"

39,16,46500000,169.72675225468083,524481,38737,"[0, 9, 6, 5, 7, 1, 4, 3, 8, 2]"

37,16,46600000,169.55702550242614,524315,38946,"[9, 2, 8, 4, 1, 0, 7, 6, 3, 5]"

32,16,46700000,169.38746847692371,524156,38957,"[9, 2, 5, 4, 8, 0, 1, 6, 3, 7]"

27,16,46800000,169.2180810084468,523994,38804,"[9, 2, 1, 7, 4, 6, 8, 3, 5, 0]"

33,16,46900000,169.04886292743836,523836,38824,"[4, 6, 2, 5, 8, 9, 3, 7, 0, 1]"

35,16,47000000,168.87981406451092,523676,38724,"[4, 7, 5, 1, 3, 6, 0, 8, 2, 9]"

31,16,47100000,168.7109342504464,523521,38917,"[3, 6, 5, 1, 2, 0, 9, 4, 8, 7]"

35,16,47200000,168.54222331619596,523362,38580,"[5, 9, 8, 6, 4, 0, 3, 2, 7, 1]"

33,16,47300000,168.37368109287976,523208,39065,"[8, 1, 4, 0, 7, 5, 6, 2, 3, 9]"

29,16,47400000,168.2053074117869,523047,38875,"[2, 0, 8, 3, 6, 4, 9, 1, 7, 5]"

30,16,47500000,168.0371021043751,522890,39048,"[8, 2, 1, 3, 7, 5, 9, 6, 4, 0]"

26,16,47600000,167.86906500227073,522731,38899,"[6, 3, 5, 8, 4, 7, 2, 1, 9, 0]"

30,16,47700000,167.70119593726847,522574,38955,"[0, 5, 8, 9, 3, 6, 1, 2, 4, 7]"

35,16,47800000,167.5334947413312,522418,38772,"[3, 4, 2, 5, 9, 0, 8, 7, 1, 6]"

28,16,47900000,167.36596124658988,522255,38912,"[3, 1, 0, 5, 6, 2, 7, 9, 8, 4]"

36,16,48000000,167.1985952853433,522098,38840,"[1, 4, 8, 9, 3, 6, 0, 2, 5, 7]"

37,16,48100000,167.03139669005793,521941,38927,"[8, 7, 9, 5, 3, 0, 6, 4, 1, 2]"

31,16,48200000,166.86436529336788,521778,38971,"[3, 4, 0, 1, 9, 8, 5, 7, 2, 6]"

28,16,48300000,166.6975009280745,521620,38940,"[8, 5, 3, 0, 7, 1, 6, 9, 2, 4]"

35,16,48400000,166.53080342714642,521449,38754,"[4, 1, 6, 5, 9, 0, 3, 7, 8, 2]"

34,16,48500000,166.36427262371927,521285,38769,"[5, 9, 6, 3, 1, 4, 8, 7, 2, 0]"

37,16,48600000,166.19790835109555,521111,38718,"[5, 7, 9, 3, 1, 8, 6, 0, 4, 2]"

22,16,48700000,166.03171044274444,520946,38753,"[4, 7, 6, 5, 1, 9, 2, 0, 3, 8]"

27,16,48800000,165.8656787323017,520783,38780,"[2, 1, 8, 3, 4, 9, 0, 7, 6, 5]"

38,16,48900000,165.6998130535694,520626,38864,"[9, 6, 0, 2, 3, 8, 4, 1, 5, 7]"

37,16,49000000,165.5341132405158,520468,38753,"[0, 5, 3, 8, 7, 2, 9, 4, 1, 6]"

29,16,49100000,165.3685791272753,520311,38940,"[7, 6, 5, 0, 8, 1, 2, 9, 4, 3]"

28,16,49200000,165.203210548148,520151,38909,"[9, 4, 6, 2, 3, 1, 7, 5, 8, 0]"

37,16,49300000,165.03800733759985,519992,39005,"[1, 7, 8, 9, 5, 0, 3, 2, 4, 6]"

35,16,49400000,164.87296933026224,519834,38775,"[9, 2, 4, 1, 7, 3, 6, 0, 8, 5]"

31,16,49500000,164.70809636093196,519675,38888,"[5, 9, 8, 2, 7, 4, 0, 3, 6, 1]"

32,16,49600000,164.54338826457104,519517,38922,"[9, 0, 8, 6, 7, 5, 1, 2, 3, 4]"

29,16,49700000,164.37884487630646,519354,38734,"[4, 6, 9, 8, 3, 0, 2, 1, 7, 5]"

33,16,49800000,164.21446603143016,519195,39111,"[3, 1, 8, 4, 6, 9, 0, 7, 2, 5]"

26,16,49900000,164.05025156539872,519038,38696,"[2, 5, 6, 8, 0, 1, 7, 9, 3, 4]"

31,16,50000000,163.88620131383334,518876,38884,"[3, 8, 4, 7, 2, 0, 5, 9, 6, 1]"

39,16,50100000,163.7223151125195,518721,38805,"[7, 0, 4, 2, 1, 5, 8, 3, 6, 9]"

28,16,50200000,163.558592797407,518560,38747,"[6, 9, 7, 5, 4, 8, 3, 0, 2, 1]"

30,16,50300000,163.39503420460957,518403,38918,"[9, 4, 3, 7, 2, 6, 0, 1, 5, 8]"

33,16,50400000,163.23163917040497,518245,38866,"[9, 0, 3, 7, 1, 2, 5, 4, 8, 6]"

35,16,50500000,163.06840753123458,518086,38887,"[8, 3, 6, 5, 0, 9, 7, 4, 1, 2]"

24,16,50600000,162.90533912370336,517927,38914,"[2, 5, 6, 7, 3, 4, 1, 8, 9, 0]"

28,16,50700000,162.74243378457965,517762,38792,"[1, 2, 7, 4, 6, 5, 0, 8, 9, 3]"

28,16,50800000,162.57969135079506,517605,38742,"[7, 4, 8, 2, 6, 9, 1, 5, 3, 0]"

29,16,50900000,162.4